Date,Open,High,Low,Close,Volume,Dividends,Stock Splits
2020-03-10,155.30392969610338,158.12209806729334,149.82469226559832,158.0140838623047,65354400,0.0,0
2020-03-11,154.29252455468463,154.8522236065422,148.4205016228872,150.85572814941406,56371600,0.0,0
2020-03-12,142.6761664656194,150.69863029420597,136.07751544926208,136.54884338378906,93226400,0.0,0
2020-03-13,144.83641978837136,158.9862051413018,138.18866941023427,155.96182250976562,92727400,0.0,0
2020-03-16,137.471874846829,146.65303819596892,132.56216503087083,132.97457885742188,87905900,0.0,0
2020-03-17,137.47188206227776,144.83644717275692,132.56217198862498,143.92324829101562,81059800,0.0,0
2020-03-18,135.507984672524,143.3635200158587,132.5818019524403,137.86463928222656,81593200,0.0,0
2020-03-19,140.19186395195732,147.4385857448873,136.4899384056464,140.13294982910156,85922700,0.0,0
2020-03-20,143.36349533459907,144.44363725164968,133.40660660041618,134.8697052001953,84866200,0.0,0
2020-03-23,134.53587420545153,138.03160047194163,130.1269640122215,133.52447509765625,78975200,0.0,0
2020-03-24,141.15414524960372,146.8985112408852,138.71893358251887,145.6612548828125,82516700,0.0,0
2020-03-25,146.22096110992987,151.54308401629643,141.83167994291796,144.2668914794922,75638200,0.0,0
2020-03-26,145.72016124639256,153.83101033297172,145.6907041902192,153.2909393310547,64568100,0.0,0
2020-03-27,149.00967258939414,152.09296933392403,146.5057179281461,146.99668884277344,57042300,0.0,0
2020-03-30,149.68721245770172,157.69986125239902,147.3010860594439,157.33653259277344,63420300,0.0,0
2020-03-31,156.52152973878705,161.8043818498531,153.7328183944951,154.862060546875,77927200,0.0,0
2020-04-01,150.23710208000435,154.90132583739012,148.09647605278207,149.36317443847656,57969900,0.0,0
2020-04-02,149.11768733105245,152.67231197121532,147.64477458182566,152.45628356933594,49630700,0.0,0
2020-04-03,152.29919442966911,154.53802075928118,149.4417399094491,151.0521240234375,41243300,0.0,0
2020-04-06,157.4249284398226,163.49332202950106,154.7344023109549,162.28553771972656,67111700,0.0,0
2020-04-07,166.52752590545026,166.93012568690915,160.31183178041306,160.53768920898438,62769000,0.0,0
2020-04-08,162.67831332422514,163.66025522754026,160.5475011920207,162.1480712890625,48318200,0.0,0
2020-04-09,163.35583762023455,164.34759343924574,160.3805551799583,162.15786743164062,51385100,0.0,0
2020-04-13,161.3821532694271,162.5801235564765,159.369169427533,162.5211944580078,41905300,0.0,0
2020-04-14,165.94816983691368,170.61239354534763,164.96622800355917,170.56329345703125,52874300,0.0,0
2020-04-15,168.1084405785029,170.43565293575978,166.18384295622613,168.7761688232422,40940800,0.0,0
2020-04-16,171.15244580355196,174.0786279511277,169.77771839748726,173.84295654296875,50479600,0.0,0
2020-04-17,176.2585585485526,176.74952946372963,172.69410490972953,175.37481689453125,52765600,0.0,0
2020-04-20,173.44038321975907,175.5220950206106,171.8299992829556,171.8987274169922,36669600,0.0,0
2020-04-21,170.36689653046685,170.53382483282462,163.11034747354205,164.7894744873047,56203700,0.0,0
2020-04-22,168.29504014925126,170.85790938942245,167.73534099598763,170.38658142089844,34620200,0.0,0
2020-04-23,170.96588875085584,171.89873047159253,167.82367796262773,168.324462890625,32790800,0.0,0
2020-04-24,168.95290867099823,171.40776324307072,167.62729619202503,171.39794921875,34277600,0.0,0
2020-04-27,173.40112361603053,173.70552322015948,170.17054122554765,170.90699768066406,33194400,0.0,0
2020-04-28,172.41918408578147,172.4977412400813,166.33114696837552,166.74356079101562,34392700,0.0,0
2020-04-29,170.09198494967825,174.47143763474253,168.77618633906218,174.2259521484375,51286600,0.0,0
2020-04-30,176.749528106576,177.14229884240447,173.04760323925797,175.9738006591797,53875900,0.0,0
2020-05-01,172.62537149940454,175.41408261644008,170.8676872861496,171.41758728027344,39370500,0.0,0
2020-05-04,171.33903565370656,175.76758792190543,170.66149339233112,175.6104736328125,30372900,0.0,0
2020-05-05,177.35834781998258,180.33363068965596,176.65134842686763,177.49581909179688,36839200,0.0,0
2020-05-06,178.79198271973758,180.87369475041854,178.3501118619555,179.24366760253906,32139300,0.0,0
2020-05-07,180.84422970592396,181.21737240560338,179.2829457518605,180.28453063964844,28316000,0.0,0
2020-05-08,181.63958675213505,181.65922978309518,180.04884585894231,181.34500122070312,30877800,0.0,0
2020-05-11,179.84263073828586,184.12389749185908,179.548060191331,183.36781311035156,30892700,0.0,0
2020-05-12,183.4267262194627,183.6623826557415,179.00798824032637,179.2141876220703,32038200,0.0,0
2020-05-13,179.2534836940895,180.72639643605697,173.35200371866418,176.50404357910156,44711500,0.0,0
2020-05-14,174.33393200572866,177.42705751355615,172.50751974822086,177.2699432373047,41873900,0.0,0
2020-05-15,175.8265103329728,183.68204535945742,173.80371246097206,179.85247802734375,46610400,0.0,0
2020-05-18,182.39571998855942,182.83759087613566,180.63805046393557,181.57089233398438,35264500,0.0,0
2020-05-19,181.68869264886536,183.23034848882833,180.17650884790643,180.31398010253906,26799100,0.0,0
2020-05-20,181.9780823459767,183.0021544369268,181.12141850112192,182.8150634765625,31261300,0.51,0
2020-05-21,182.55903097346416,183.80957443055877,180.4813627994605,180.6192169189453,29119500,0.0,0
2020-05-22,180.38290934683215,181.63345283990668,179.74286053975925,180.697998046875,20826900,0.0,0
2020-05-26,183.4846314839929,183.64218334379328,178.32493578779568,178.78773498535156,36073600,0.0,0
2020-05-27,177.43871794573192,179.20129745018147,173.89389124804822,179.0240478515625,39517100,0.0,0
2020-05-28,177.9704708710485,181.3282069746179,177.6159866606308,178.62034606933594,33810200,0.0,0
2020-05-29,179.92995004744955,181.44636041815627,177.64550815939924,180.44198608398438,42130400,0.0,0
2020-06-01,179.74284725741973,180.19580507241434,178.67940982650825,180.02841186523438,22622400,0.0,0
2020-06-02,181.42669359269507,182.16520116498555,178.57113698982855,182.0765838623047,30794600,0.0,0
2020-06-03,181.98793457270935,183.09076754549952,180.76693019213994,182.5196533203125,27311000,0.0,0
2020-06-04,181.47589337561564,182.992288670058,179.50654025168052,180.11703491210938,28761800,0.0,0
2020-06-05,179.82164579524013,184.85334409957122,179.22099243513503,184.3314666748047,39893600,0.0,0
2020-06-08,183.0907631019369,185.66076954041895,181.6137482528086,185.4736785888672,33211600,0.0,0
2020-06-09,185.1191959824204,187.77781972823735,184.39052990839326,186.89161682128906,29783900,0.0,0
2020-06-10,188.201250541166,195.47801029159365,188.08307912767938,193.82374572753906,43872300,0.0,0
2020-06-11,190.17060819818357,192.76029759760615,183.21879338095655,183.4157257080078,52854700,0.0,0
2020-06-12,187.62027214840285,188.78219834564425,182.34240498841194,184.86318969726562,43373600,0.0,0
2020-06-15,181.7516092139193,187.89599662661598,181.1903363381323,186.0447998046875,32770200,0.0,0
2020-06-16,189.93427864137308,192.5830612369909,188.5261982422006,190.60386657714844,42556700,0.0,0
2020-06-17,192.04146819326672,193.3117093689794,190.7220052095576,191.26358032226562,25687800,0.0,0
2020-06-18,191.02726482485502,193.4791150246385,191.02726482485502,193.3117218017578,23061600,0.0,0
2020-06-19,195.54694297455956,196.23621366212927,191.39160608310127,192.15965270996094,44441100,0.0,0
2020-06-22,192.78984410895964,197.6836885004879,192.2384275620225,197.49661254882812,32818900,0.0,0
2020-06-23,198.99327460092576,200.82477353170276,198.3433844908178,198.8160400390625,30917400,0.0,0
2020-06-24,198.5108197437019,200.13553021516407,193.548040986374,194.8084259033203,36740600,0.0,0
2020-06-25,194.76902400673683,197.5359626998844,192.47472584916966,197.2700958251953,27803900,0.0,0
2020-06-26,196.66942719191658,196.8269790331462,191.89375532628654,193.321533203125,54675800,0.0,0
2020-06-29,192.77998754076225,195.48784824687417,190.58416288425298,195.39923095703125,26701600,0.0,0
2020-06-30,194.84780634340726,201.26788682323863,194.7099522232875,200.3915252685547,34310300,0.0,0
2020-07-01,200.02723067714865,203.18804959690408,198.6782283627074,201.56332397460938,32061200,0.0,0
2020-07-02,202.52828150508284,204.83243623210365,201.85870861045956,203.09939575195312,29315800,0.0,0
2020-07-06,205.63001879550893,207.89477800929905,204.9013526932541,207.4713592529297,31897600,0.0,0
2020-07-07,207.22518440883823,211.38052080155293,204.802888422547,205.05889892578125,33600700,0.0,0
2020-07-08,206.85102353995933,209.99212931802174,205.49216500448387,209.5687255859375,33600000,0.0,0
2020-07-09,213.01511396278187,213.0643508031578,208.22958456274185,211.03591918945312,33121700,0.0,0
2020-07-10,210.3466371821936,210.79959508667307,207.84556491173365,210.3958740234375,26177600,0.0,0
2020-07-13,211.19342999975268,212.49321030551457,203.33571504892217,203.89698791503906,38135600,0.0,0
2020-07-14,202.97141095498017,205.64973275427013,198.93423051524894,205.1573944091797,37591800,0.0,0
2020-07-15,206.34882444490225,208.09170622167193,201.88824068018164,204.85211181640625,32179400,0.0,0
2020-07-16,202.25255941135907,202.5479653843496,199.20991244699223,200.7952423095703,29940700,0.0,0
2020-07-17,201.33682665418084,201.89808450612267,198.30402090736487,199.7711944580078,31635300,0.0,0
2020-07-20,201.85868811338926,209.04682976827496,199.8991764149086,208.35755920410156,36884800,0.0,0
2020-07-21,210.38602031427632,210.661728579087,204.84228587009815,205.55125427246094,37990400,0.0,0
2020-07-22,205.99433601669057,209.04683940223975,205.19675039674937,208.50526428222656,49605700,0.0,0
2020-07-23,204.0151723974137,207.68801236280103,199.0523933054666,199.43641662597656,67457000,0.0,0
2020-07-24,197.34888808411017,199.75150146168403,194.4834754891361,198.2154083251953,39827000,0.0,0
2020-07-27,198.3827984706709,200.8444900037611,197.782145135598,200.72633361816406,30160900,0.0,0
2020-07-28,200.49000968059005,201.5633036036803,198.64866918639174,198.92437744140625,23251400,0.0,0
2020-07-29,199.39702751218175,201.51407636219813,198.9145305304457,200.93312072753906,19632600,0.0,0
2020-07-30,197.92001730177606,201.32700530512358,196.51193682848233,200.77557373046875,25079600,0.0,0
2020-07-31,201.2678769883438,201.95716258023307,195.9604710856195,201.8685302734375,51044000,0.0,0
2020-08-03,208.27881202016366,214.30502839133538,207.21535942084392,213.2218780517578,78983000,0.0,0
2020-08-04,210.88820302677595,211.47901504553357,207.0873504360356,210.0216827392578,49280100,0.0,0
2020-08-05,211.6070055446702,211.7054792194127,208.3280455303646,209.6770477294922,28806400,0.0,0
2020-08-06,209.08622722707082,213.05447275323186,208.30833931814675,213.0347900390625,32656800,0.0,0
2020-08-07,211.55776902679978,212.39473510404028,207.69782361480375,209.2240753173828,27820400,0.0,0
2020-08-10,208.42649104511912,208.6332797390573,203.18801942336208,205.05889892578125,36716500,0.0,0
2020-08-11,203.98562648688426,204.46810844848176,200.02722199035122,200.2635498046875,36446500,0.0,0
2020-08-12,202.14427932524976,207.05782161778012,201.61256050194768,205.98452758789062,28013100,0.0,0
2020-08-13,206.2306802912464,208.11141630157843,204.96043899684423,205.50201416015625,22588900,0.0,0
2020-08-14,205.56107471462892,206.37835806822244,204.33022900589867,205.6989288330078,17958900,0.0,0
2020-08-17,206.38822739740118,207.95385963113088,205.71863947686066,207.05780029296875,20184800,0.0,0
2020-08-18,207.30398658418912,209.1059467667458,206.0042211397883,208.24928283691406,21336200,0.0,0
2020-08-19,208.75264944426144,209.35475469872284,206.54163677547217,206.98580932617188,27627600,0.51,0
2020-08-20,206.8279129845707,212.2172507229223,206.20607732878364,211.8026885986328,26981500,0.0,0
2020-08-21,211.09198733299297,213.4510527002691,210.0950652950479,210.2628631591797,36249300,0.0,0
2020-08-24,212.00993256708978,212.730494906223,209.6804778164097,210.92417907714844,25460100,0.0,0
2020-08-25,210.3418358865179,213.80640025711125,210.3418358865179,213.668212890625,23043700,0.0,0
2020-08-26,215.05996294367205,219.21546407287963,214.5466891367151,218.28762817382812,39600800,0.0,0
2020-08-27,220.0051267668173,228.1582118919728,216.5602925300054,223.64736938476562,57602200,0.0,0
2020-08-28,225.22664218959068,227.65480885499773,223.6473601444559,225.94720458984375,26292900,0.0,0
2020-08-31,224.06190617884548,225.73989982078982,221.4067208279766,222.61093139648438,28774200,0.0,0
2020-09-01,222.59120035928785,224.50609319176263,221.52517707951964,224.32843017578125,25725500,0.0,0
2020-09-02,225.01937110022416,229.8460789190038,224.40740061898669,228.6517333984375,34080800,0.0,0
2020-09-03,226.30254511587742,226.3420207658567,212.1777629474115,214.4874725341797,58400300,0.0,0
2020-09-04,212.31594837172005,215.5337484915042,202.5342107325523,211.47694396972656,59664100,0.0,0
2020-09-08,203.8272672507662,207.31157720031885,199.58291920616693,200.03697204589844,52924300,0.0,0
2020-09-09,204.9130396479456,212.059322703484,204.02467930933318,208.55526733398438,45679000,0.0,0
2020-09-10,210.63793389254138,211.9606015691561,201.4681820292128,202.7118682861328,35461500,0.0,0
2020-09-11,204.51820530091314,205.9297046283839,198.63535407526453,201.3892364501953,33620100,0.0,0
2020-09-14,201.59648811413697,206.4922814529858,201.38919955725612,202.7513427734375,30375800,0.0,0
2020-09-15,205.72240243493607,207.0648004549558,204.25168219509376,206.07774353027344,21823900,0.0,0
2020-09-16,207.8939258823417,207.92353638535323,201.9913296551126,202.39602661132812,26328100,0.0,0
2020-09-17,197.46072350517798,201.68532556800616,197.37189200444513,200.28370666503906,34011300,0.0,0
2020-09-18,200.17515179858768,201.01414116648786,193.70992578558702,197.7963409423828,55225300,0.0,0
2020-09-21,194.63778701120702,200.08634628187014,193.83827319033767,199.9185333251953,39839700,0.0,0
2020-09-22,202.40588146375987,205.40654281418466,199.46445617763877,204.73533630371094,33517100,0.0,0
2020-09-23,205.20912756926796,205.40655100223123,197.44099443129122,197.99374389648438,30803800,0.0,0
2020-09-24,197.2633077511275,202.9092738590892,196.6217117935505,200.56007385253906,31202500,0.0,0
2020-09-25,200.9154355381924,206.3343682942848,199.91849842733038,205.1301727294922,29437300,0.0,0
2020-09-28,208.15056663504834,209.81869522784123,205.3670589109409,206.7292022705078,32004900,0.0,0
2020-09-29,206.64036820616045,207.351050379637,204.13323524381448,204.57740783691406,24221900,0.0,0
2020-09-30,205.04134235917175,209.23633452664598,203.8667421424719,207.60769653320312,33829100,0.0,0
2020-10-01,210.72678091742483,211.2203093625402,208.5848692729793,209.71011352539062,27158400,0.0,0
2020-10-02,205.30784138496728,208.25914702694183,202.879674710849,203.52127075195312,33154800,0.0,0
2020-10-05,204.5379248883306,207.6866386993059,204.3010258185285,207.6570281982422,21331600,0.0,0
2020-10-06,206.11722747693148,207.4596103916015,202.1689999077808,203.24488830566406,28554300,0.0,0
2020-10-07,204.38001422993028,207.39054100704567,204.04441847413227,207.11416625976562,25681100,0.0,0
2020-10-08,207.78534519784722,208.45655173012128,205.62370321127543,207.8544464111328,19925800,0.0,0
2020-10-09,208.49601665812884,213.06609474693994,208.49601665812884,213.01673889160156,26458000,0.0,0
2020-10-12,215.95817417934848,220.9625599301277,214.0038057195303,218.53439331054688,40461400,0.0,0
2020-10-13,219.83730702558435,222.29508405097894,217.5769383616926,219.97549438476562,28950800,0.0,0
2020-10-14,220.11368972317172,221.3179003516728,216.29378432202913,218.0013885498047,23421700,0.0,0
2020-10-15,214.29004668127695,217.50784656801432,213.21414327561672,216.81690979003906,22733100,0.0,0
2020-10-16,217.30055800397568,219.41285904595267,216.48131407806426,216.81690979003906,26057900,0.0,0
2020-10-19,217.56709202230158,219.42276391568276,210.95381344187956,211.4473419189453,27625800,0.0,0
2020-10-20,213.00687430854543,214.55654575348137,210.33194357957055,211.8717498779297,22753500,0.0,0
2020-10-21,210.36155777413322,214.11237693624273,210.36155777413322,212.0198211669922,22724900,0.0,0
2020-10-22,211.16107658059153,213.26351260908356,208.95994389831768,212.10865783691406,22351500,0.0,0
2020-10-23,212.24685486208304,213.4806760502137,210.40106318425362,213.4313201904297,18879600,0.0,0
2020-10-26,211.08210934920848,213.53987121935023,205.40653257054595,207.36090087890625,37111600,0.0,0
2020-10-27,208.85136535805012,211.89150241015267,207.60767908908258,210.48988342285156,36700300,0.0,0
2020-10-28,204.98212141693205,206.13697627723414,199.484221865171,200.05670166015625,51195600,0.0,0
2020-10-29,201.42870104667418,204.67611149550677,200.73774919427825,202.07028198242188,31432600,0.0,0
2020-10-30,200.8660784090887,201.64584673024353,197.0362928316014,199.8494110107422,36953700,0.0,0
2020-11-02,201.64585053604557,202.62304230394983,197.52982500789844,199.7112274169922,30842200,0.0,0
2020-11-03,201.25101522875508,205.42626137681972,200.4909772571668,203.7581329345703,27512000,0.0,0
2020-11-04,211.24992855080214,215.4942763655777,209.67063143697615,213.58924865722656,42311800,0.0,0
2020-11-05,219.16611171232742,221.21919191161982,218.28763165669065,220.39993286132812,36080100,0.0,0
2020-11-06,219.38324647467763,221.45607185032895,215.20800028455412,220.82435607910156,25231900,0.0,0
2020-11-09,221.53505171353333,225.1674138542683,215.0599608982803,215.5633544921875,44395000,0.0,0
2020-11-10,211.72370360851824,213.69781739507786,207.00557286354422,208.27886962890625,44045100,0.0,0
2020-11-11,209.6410167588862,215.21788228242465,209.45347353595884,213.74717712402344,29440800,0.0,0
2020-11-12,214.39862991577323,216.2740319491206,211.68422351623263,212.6515350341797,21593900,0.0,0
2020-11-13,213.55963486510458,214.6059127858505,211.3881126630083,213.7076873779297,18621100,0.0,0
2020-11-16,212.0889105995745,214.9217741351201,211.74344972246413,214.41836547851562,24953300,0.0,0
2020-11-17,213.30302274806752,214.86255954698913,211.30916340003247,211.6842498779297,24154100,0.0,0
2020-11-18,211.43680223860824,212.9410608482007,208.74497740069495,208.8934326171875,28372800,0.56,0
2020-11-19,209.19033862560838,210.8232403852952,207.75534696323098,210.2195587158203,24792700,0.0,0
2020-11-20,210.00181909931916,211.0805241750052,207.82461189956365,208.2105712890625,22843100,0.0,0
2020-11-23,208.76476649777535,210.09088181720932,206.00367474458236,207.9334716796875,25683500,0.0,0
2020-11-24,207.4188664998151,212.03059747156175,206.69643275296892,211.64463806152344,33979700,0.0,0
2020-11-25,212.88170143786508,213.05982959070755,210.2591585161837,211.654541015625,21012900,0.0,0
2020-11-27,212.62440439997206,214.02969300292224,211.82278239410914,213.00045776367188,14512200,0.0,0
2020-11-30,211.88218131328347,212.5353330113239,208.65594142280318,211.8524932861328,33064800,0.0,0
2020-12-01,212.2879044653951,215.0688086087873,211.13993227924513,213.97030639648438,30904500,0.0,0
2020-12-02,212.65409307404437,213.2379777226861,210.59563768999635,213.13900756835938,23724500,0.0,0
2020-12-03,212.38685325166452,214.13852203038334,211.43679125791374,212.02069091796875,25120900,0.0,0
2020-12-04,212.00090093419553,213.1488881438529,210.97166581494287,212.1394500732422,24666000,0.0,0
2020-12-07,212.14934826743735,213.30722649046083,210.78365387913288,212.07017517089844,24620000,0.0,0
2020-12-08,211.75350817743467,214.70263443840656,210.68469397329775,213.77236938476562,23284100,0.0,0
2020-12-09,212.93118224169743,213.00044926617142,209.0221029252593,209.60598754882812,32440600,0.0,0
2020-12-10,209.57630003256514,210.872727457804,208.18090245700924,208.33924865722656,26733300,0.0,0
2020-12-11,207.87411803933438,211.1102486951153,206.9438529804284,211.0508575439453,30979400,0.0,0
2020-12-14,210.89249834553533,213.9702823895892,210.67477612242752,211.98109436035156,28798400,0.0,0
2020-12-15,212.94107005778415,213.1884803285815,210.04142893238688,211.91184997558594,27000600,0.0,0
2020-12-16,212.52541122812517,217.8298877538433,212.4957232052781,217.00848388671875,35023300,0.0,0
2020-12-17,217.59236913619893,218.60180721825975,215.6625721416148,217.14703369140625,32515800,0.0,0
2020-12-18,216.32565307617185,217.41426436999777,213.7822831998337,216.32565307617188,63354900,0.0,0
2020-12-21,215.29642567414467,221.67960778899533,215.02921834726746,220.28421020507812,37181900,0.0,0
2020-12-22,220.38317265947427,223.29271982620975,219.5518777834711,221.62022399902344,22612200,0.0,0
2020-12-23,220.79881491702415,221.24415036866836,218.5127465112897,218.73046875,18699600,0.0,0
2020-12-24,219.1263262101603,221.293642592353,218.90860396441425,220.4425506591797,10550600,0.0,0
2020-12-28,222.12492733823123,223.68856198598854,220.70974790619337,222.62965393066406,17933500,0.0,0
2020-12-29,223.965677127249,224.82666006048353,221.26396112588463,221.8280487060547,17403200,0.0,0
2020-12-30,222.89684997147484,223.29271545281176,219.17580505125196,219.3836212158203,20272300,0.0,0
2020-12-31,219.40340880313244,220.68994513572756,217.40432973558384,220.11595153808594,20942100,0.0,0
2021-01-04,220.22481059974518,220.68994307796737,212.58478086898816,215.43495178222656,37130100,0.0,0
2021-01-05,215.0094068279407,216.25636420230407,213.46556922227546,215.6427764892578,23823000,0.0,0
2021-01-06,209.9721422106087,214.24739884472265,209.74452899466186,210.0513153076172,35930700,0.0,0
2021-01-07,211.82278787481908,217.06788905863192,211.4962195796822,216.0287628173828,27694500,0.0,0
2021-01-08,216.41470566519305,218.29503279100064,214.78180391186964,217.344970703125,22956200,0.0,0
2021-01-11,216.20687399687884,216.64231846008153,214.48489319259278,215.23703002929688,23031300,0.0,0
2021-01-12,214.2572960058931,214.85108670024084,211.11024458773403,212.70355224609375,23249300,0.0,0
2021-01-13,211.80299373353577,214.51460069950176,211.71391455744518,214.0989532470703,20087100,0.0,0
2021-01-14,213.6734012439832,215.20734788096235,210.53624094938306,210.81333923339844,29480800,0.0,0
2021-01-15,211.3081414561327,212.2878763395142,209.83357099331946,210.4471435546875,31746500,0.0,0
2021-01-19,211.53579985127544,214.7323365986026,210.42740657434547,214.19793701171875,30480900,0.0,0
2021-01-20,215.4448664040952,223.45105935154317,215.03910992524072,222.01608276367188,37777300,0.0,0
2021-01-21,222.3723495626715,223.95578134453902,220.11596908898127,222.63955688476562,30709400,0.0,0
2021-01-22,224.72768946767567,227.6867216173862,223.46095014288545,223.60939025878906,30172700,0.0,0
2021-01-25,226.74655677018504,227.39972349953342,221.8973215750879,227.15231323242188,33152100,0.0,0
2021-01-26,229.45817681982433,231.75413622709,227.69661694074298,229.92330932617188,49169600,0.0,0
2021-01-27,235.53458726645175,237.9493140226104,227.75600743589203,230.48741149902344,69870600,0.0,0
2021-01-28,233.16932514921575,240.126500425826,232.6547075821756,236.45492553710938,49111200,0.0,0
2021-01-29,233.545396380884,235.5543665004992,228.95346252166007,229.55714416503906,42503100,0.0,0
2021-02-01,232.6250165368734,239.9879481668505,230.02225581318282,237.16746520996094,33314200,0.0,0
2021-02-02,238.80039666136247,239.7999287202431,236.21743282731452,237.0289306640625,25916300,0.0,0
2021-02-03,237.08832635019175,242.55113436752325,236.78152492358024,240.4827880859375,27158100,0.0,0
2021-02-04,240.1462969728711,240.7202905847694,237.88001054824474,239.50302124023438,25296100,0.0,0
2021-02-05,239.72075858147818,240.75988475296757,237.92951061289563,239.69107055664062,18054800,0.0,0
2021-02-08,240.63121587927822,241.15572442905443,238.31545944056165,239.95826721191406,22211900,0.0,0
2021-02-09,239.364469746083,242.22453170264995,238.87955530857658,241.2447967529297,23565000,0.0,0
2021-02-10,242.4620519168311,243.37251985071765,238.3946266867688,240.3046417236328,22186700,0.0,0
2021-02-11,242.24435622867765,242.61051861701745,239.64159520697493,241.95736694335938,15751100,0.0,0
2021-02-12,241.4031467026096,242.75896528050603,240.21558040064926,242.45217895507812,16561100,0.0,0
2021-02-16,242.4917462645525,243.58035746429147,240.40360303648887,241.17552185058594,26728500,0.0,0
2021-02-17,239.37023876186987,242.3360710781951,238.9933041656128,242.22695922851562,21653500,0.56,0
2021-02-18,239.84635482196921,241.959134973677,238.91394722788502,241.8202667236328,16925600,0.0,0
2021-02-19,241.78059348564895,241.8897053332575,238.2394304514019,239.02305603027344,25262600,0.0,0
2021-02-22,235.50174165610275,236.00761561584156,230.52229696566695,232.61524963378906,36446900,0.0,0
2021-02-23,228.46902085282102,232.932662522011,226.88194220512977,231.38526916503906,30228700,0.0,0
2021-02-24,228.15161055747,233.29967996350985,227.14977638116437,232.65493774414062,26339700,0.0,0
2021-02-25,230.20487705622202,232.69459169039627,226.03881460586734,227.1398468017578,39542200,0.0,0
2021-02-26,229.65931831008706,233.46828883625133,227.68539135719558,230.50245666503906,37819200,0.0,0
2021-03-01,233.99402901769992,235.5513513953446,231.26624776951112,235.025634765625,25324000,0.0,0
2021-03-02,235.09505247615877,235.3827178728388,231.56381821494512,231.9804229736328,22812500,0.0,0
2021-03-03,230.28424494830122,231.69277010769719,225.42382588057845,225.72140502929688,34029500,0.0,0
2021-03-04,224.90803069708747,230.61157283864944,222.44805727585978,224.89810180664062,44727800,0.0,0
2021-03-05,227.6655484937644,231.38524956974618,224.63027483744366,229.72874450683594,41872800,0.0,0
2021-03-08,229.5006191229428,231.48445993174516,225.29488629500443,225.5527801513672,35267400,0.0,0
2021-03-09,230.99840631647564,233.47820708804377,229.79817608341546,231.89112854003906,33080500,0.0,0
2021-03-10,235.08512660652391,235.08512660652391,230.1651949343776,230.54212951660156,29746800,0.0,0
2021-03-11,233.06161543645268,237.23759169393148,232.41685811840833,235.21408081054688,29907600,0.0,0
2021-03-12,232.11928318873788,233.9146717943346,231.34558650146585,233.84523010253906,22653700,0.0,0
2021-03-15,233.06162367928349,233.28976113318146,229.93706534018423,232.91282653808594,26034900,0.0,0
2021-03-16,234.37094419150523,238.1204019853241,234.03369489768113,235.78939819335938,28092200,0.0,0
2021-03-17,234.24199309763014,236.6226111053115,231.3455873867962,235.1248016357422,29562100,0.0,0
2021-03-18,230.68099529889233,232.2978303206355,228.46901714554986,228.85586547851562,34833000,0.0,0
2021-03-19,229.1534459092258,230.5917274047784,227.4969407235338,228.48886108398438,46430700,0.0,0
2021-03-22,228.40951190131358,234.98593377926755,228.28055740755826,234.0832977294922,30127000,0.0,0
2021-03-23,235.57117696513495,239.102411103302,235.15457222096396,235.6604461669922,31638400,0.0,0
2021-03-24,235.92826043348856,236.0770424312397,233.41870316806398,233.5575714111328,25620100,0.0,0
2021-03-25,233.39887487888373,235.0256237415338,229.69901599737253,230.46278381347656,34061900,0.0,0
2021-03-26,229.6791755474976,234.79748853093747,229.6791755474976,234.5693359375,25479900,0.0,0
2021-03-29,234.67843889946502,234.88674883873387,230.0065023889756,233.33935546875,25227500,0.0,0
2021-03-30,231.64316457482903,231.96058636070936,229.23280532225354,229.97674560546875,24792000,0.0,0
2021-03-31,231.02817370527075,237.16816312944292,230.51237088230624,233.8650665283203,43623500,0.0,0
2021-04-01,236.54326588959358,240.87795332050624,236.12666112571796,240.3919219970703,30338000,0.0,0
2021-04-05,240.79860172590594,247.9404410367227,240.73908892089995,247.05763244628906,36910600,0.0,0
2021-04-06,245.60941125701032,247.38494211633503,244.88531360174986,245.85739135742188,22931900,0.0,0
2021-04-07,245.80777998956964,248.90256664422355,245.19279421473544,247.88088989257812,22719800,0.0,0
2021-04-08,250.72770937752284,252.08663540428574,249.96392647535168,251.20382690429688,23625200,0.0,0
2021-04-09,250.82690326503445,253.92170516273805,250.4003847639253,253.7828369140625,24326800,0.0,0
2021-04-12,252.6520295841165,255.58812037022082,252.56274525296425,253.8423309326172,27148700,0.0,0
2021-04-13,255.18144656424604,257.09584563199445,254.75489779501603,256.4014892578125,23837500,0.0,0
2021-04-14,255.39966158656907,256.7387298368686,253.0983991187991,253.52491760253906,23070900,0.0,0
2021-04-15,255.84599816156032,257.82983878053915,255.64763226226577,257.4033203125,25627500,0.0,0
2021-04-16,257.3736032109977,258.8912403053958,255.5187167924011,258.6333312988281,24878600,0.0,0
2021-04-19,258.08780247739907,259.3673884238688,255.73695568875343,256.6495056152344,23209300,0.0,0
2021-04-20,255.73692296676424,258.09769834526674,254.7648300841432,256.1733703613281,19722900,0.0,0
2021-04-21,256.8478756293233,258.5738074710677,255.17152770010838,258.474609375,24030400,0.0,0
2021-04-22,258.1075945154503,259.66491678259194,253.5745262333033,255.09217834472656,25606200,0.0,0
2021-04-23,255.79643970769985,259.3971156327952,255.1913525177788,259.0400085449219,21462600,0.0,0
2021-04-26,259.54589456265666,260.3195912610325,258.0679428586971,259.436767578125,19763300,0.0,0
2021-04-27,259.4665300609276,261.06353767753876,258.01833472407577,259.8533935546875,31014200,0.0,0
2021-04-28,254.01095820575554,254.46726337678513,250.9062577009861,252.5032501220703,46903100,0.0,0
2021-04-29,253.39599544289192,254.03082390198787,246.98818291331023,250.46981811523438,40589000,0.0,0
2021-04-30,247.72219832767405,251.0352087266079,247.58333008147633,250.14247131347656,30945100,0.0,0
2021-05-03,251.35260865071294,252.29494508417343,249.0910314814143,249.82505798339844,19626600,0.0,0
2021-05-04,248.94224788793233,249.18031421730677,243.7743362787646,245.78793334960938,32756100,0.0,0
2021-05-05,247.04767722336618,247.4841245942309,243.8338650115499,244.47860717773438,21901300,0.0,0
2021-05-06,244.45876747424336,247.84121950363814,242.7129931052832,247.71226501464844,26491100,0.0,0
2021-05-07,250.11271901761523,252.24535692661698,249.1406412782794,250.42022705078125,27032900,0.0,0
2021-05-10,248.8430652753385,249.69611742260136,245.12336378474527,245.18287658691406,29299900,0.0,0
2021-05-11,242.57412065505824,244.6075603664251,240.61012263209804,244.24053955078125,33641600,0.0,0
2021-05-12,240.2133709615745,242.40552179198164,236.14650624187342,237.06898498535156,36684400,0.0,0
2021-05-13,239.84636361470905,243.6156642854531,239.46942900698323,241.06642150878906,29624300,0.0,0
2021-05-14,243.59580729894674,247.1667115645688,243.50653809779453,246.14503479003906,23901100,0.0,0
2021-05-17,244.5579768804138,244.5976470366676,241.5524592886764,243.19903564453125,24970200,0.0,0
2021-05-18,244.28024106993837,244.419109320475,240.9374590308356,241.1160125732422,20168000,0.0,0
2021-05-19,237.9245987196973,241.82190347438018,237.21871750383826,241.71253967285156,25739800,0.56,0
2021-05-20,242.5476698125859,246.51456113612028,242.44824266589293,245.05307006835938,21800700,0.0,0
2021-05-21,246.13678652030472,246.89238130219084,243.32316800459273,243.75067138671875,21863100,0.0,0
2021-05-24,246.35550532497493,249.7060062798921,246.0771274944206,249.3282012939453,21411500,0.0,0
2021-05-25,250.3124699242414,251.28679230940546,249.36797265093773,250.26275634765625,17704300,0.0,0
2021-05-26,249.97442274153747,251.47569081015223,249.29836665615196,250.03408813476562,17771600,0.0,0
2021-05-27,249.71593196652358,250.02413489607696,247.8070489963143,247.86669921875,24426200,0.0,0
2021-05-28,249.5469083717268,250.62065784573278,248.11524240638548,248.2345428466797,18270200,0.0,0
2021-06-01,249.77558755399804,249.835237777715,245.53031814796867,245.96775817871094,23213300,0.0,0
2021-06-02,246.69352868703928,247.82692838316333,244.4167774777808,245.8683319091797,19406700,0.0,0
2021-06-03,243.80038310750095,244.91389439242704,241.5932338316985,244.2875518798828,25307700,0.0,0
2021-06-04,246.3256620007028,250.1931414004533,246.07710930105188,249.33811950683594,25281100,0.0,0
2021-06-07,248.53282310413206,252.61903028914105,248.36380908071973,252.3406524658203,23079200,0.0,0
2021-06-08,253.68285165813037,254.52793697390035,251.04818372514137,251.10784912109375,22455000,0.0,0
2021-06-09,252.3406453182307,254.05068913902298,251.74412792963423,252.12191772460938,17937600,0.0,0
2021-06-10,252.81787443646468,255.9695210611844,252.20146855409888,255.75079345703125,24563600,0.0,0
2021-06-11,256.4964304970983,256.9935358891797,255.12441476040863,256.39703369140625,18999700,0.0,0
2021-06-14,256.40696734304703,258.44511775190676,255.3133293603548,258.3854675292969,19150500,0.0,0
2021-06-15,258.2661292022925,258.48485679244453,256.1882322663013,256.8642883300781,18038900,0.0,0
2021-06-16,257.89826367362554,259.07142508222995,252.9470983634717,255.8899688720703,27220000,0.0,0
2021-06-17,254.58759261962453,260.2347032536839,254.5279423928563,259.3896179199219,27565500,0.0,0
2021-06-18,258.1269548823181,260.7814807276554,257.25204452369263,257.9281005859375,37202200,0.0,0
2021-06-21,258.3158586877199,261.99442046239983,256.4268642260296,261.1095886230469,26696100,0.0,0
2021-06-22,261.199074157898,264.25130873089597,260.8809194059898,263.9729309082031,24694100,0.0,0
2021-06-23,264.45011642456296,265.28524984125903,262.89915003056956,263.7342834472656,19518700,0.0,0
2021-06-24,264.6191571222745,266.29937584569785,263.93314922497586,265.1460876464844,21446900,0.0,0
2021-06-25,264.68876526381257,265.7028494071112,263.227274102081,263.4857482910156,25611100,0.0,0
2021-06-28,264.6489849558683,267.3432878269289,264.37060713532594,267.1643371582031,19590000,0.0,0
2021-06-29,267.31344435713135,270.0773490787369,266.4286125508172,269.82879638671875,19937800,0.0,0
2021-06-30,269.12295028119075,269.7890545916307,268.039264043786,269.33172607421875,21656500,0.0,0
2021-07-01,268.0491791723055,270.2662803440259,268.03925769538307,270.0276794433594,16725300,0.0,0
2021-07-02,271.24060805989774,276.39061291806416,270.9224533099729,276.0426330566406,26458000,0.0,0
2021-07-06,276.42043493844955,277.7526738053414,272.7120176320693,276.0525817871094,31565600,0.0,0
2021-07-07,277.7825176820671,279.0650582306276,275.5455431708357,278.3094482421875,23260000,0.0,0
2021-07-08,275.2969558257701,277.11637852366823,273.2787091786453,275.81396484375,24618600,0.0,0
2021-07-09,274.12381385762416,276.4403117634661,273.7261355900389,276.3309631347656,23916700,0.0,0
2021-07-12,277.54391347385905,278.15036754827327,274.9788324072626,275.7145690917969,18931700,0.0,0
2021-07-13,275.9133718048119,281.21253238874954,275.78414988646483,279.3533630371094,26120100,0.0,0
2021-07-14,280.7154648450938,282.01787874860815,278.92586694938984,280.8745422363281,23113700,0.0,0
2021-07-15,280.367431294727,280.8744884859451,278.20998061880874,279.4030456542969,22604200,0.0,0
2021-07-16,280.4370604218618,282.45530722422967,277.84215433829905,279.12469482421875,26186800,0.0,0
2021-07-19,277.3152400140035,278.7469061422262,272.8611945847852,275.4063720703125,32935600,0.0,0
2021-07-20,276.4204319639917,279.34341419035866,274.6606897423652,277.7029724121094,26259700,0.0,0
2021-07-21,277.2853776166269,279.8902049788415,275.6847128409549,279.7709045410156,24364300,0.0,0
2021-07-22,282.196786968884,284.76186779777464,281.7792354280263,284.4834899902344,23384100,0.0,0
2021-07-23,285.70633905716875,288.31116637386214,284.84138055714203,287.9930419921875,22768100,0.0,0
2021-07-26,287.32691902837854,288.0129269024661,284.9805961217468,287.3766174316406,23176100,0.0,0
2021-07-27,287.75444874455144,287.90357430890253,281.31198163731773,284.8811950683594,33604100,0.0,0
2021-07-28,287.3169718154178,288.47025999409055,282.18684040307596,284.5630187988281,33566900,0.0,0
2021-07-29,284.58289562399784,286.94912223194126,284.4238182517682,284.8414001464844,18168300,0.0,0
2021-07-30,283.5191246502007,285.00048912435994,282.26640925594614,283.2606201171875,20940900,0.0,0
2021-08-02,284.70220544707485,285.1098355379222,282.0973778654276,283.171142578125,16267400,0.0,0
2021-08-03,283.76765406864513,285.56717315248176,282.35586141158893,285.4577941894531,17879000,0.0,0
2021-08-04,284.5630192466047,285.9250832017347,283.00210099311596,284.8513488769531,16191300,0.0,0
2021-08-05,285.2192018285908,287.9532815541856,284.44371861096744,287.8439025878906,13900200,0.0,0
2021-08-06,286.83978911399464,287.8240481706691,285.95492687204484,287.7842712402344,16585200,0.0,0
2021-08-09,288.0725898568765,289.86215722609575,286.1438184069212,286.6607971191406,16117600,0.0,0
2021-08-10,287.1280919276822,287.5754989630373,283.5489570084748,284.7817687988281,18616600,0.0,0
2021-08-11,285.54729255110897,286.98891043419917,284.2051018221814,285.288818359375,13955900,0.0,0
2021-08-12,284.9706797520392,288.29134057108763,284.68235009089966,288.13226318359375,14561300,0.0,0
2021-08-13,287.8041470991698,291.2043309709251,287.62516609994185,291.1546325683594,18231400,0.0,0
2021-08-16,291.4926902686078,293.1132588571869,288.3410284297203,292.89453125,22507600,0.0,0
2021-08-17,290.69732321259113,291.73128064479766,289.39487909344297,291.38330078125,20075300,0.0,0
2021-08-18,290.90518787976566,293.67438402938325,289.14204636071617,289.60028076171875,21813000,0.56,0
2021-08-19,287.56820166748366,296.3140828488646,287.51840811866737,295.6167907714844,29850500,0.0,0
2021-08-20,298.55535299032294,304.65156710706293,296.90179974967236,303.17730712890625,40796100,0.0,0
2021-08-23,302.07160233866927,304.21324158460294,300.67704867147916,303.4661560058594,22830200,0.0,0
2021-08-24,303.83472917591627,304.46228595856456,300.8264753658943,301.4440612792969,18175800,0.0,0
2021-08-25,303.1175359070269,303.4064175338921,299.25263838434796,300.8364562988281,20006100,0.0,0
2021-08-26,299.820375617845,301.2547823651818,297.7883247249429,297.9277648925781,17666100,0.0,0
2021-08-27,297.82815411033704,299.70085353926294,295.67654394086844,298.5553283691406,22597000,0.0,0
2021-08-30,299.94990552752773,303.03786565293353,299.89014110695155,302.4103088378906,16348100,0.0,0
2021-08-31,303.2370781098606,303.3167538650409,300.32841146242964,300.7069396972656,26285300,0.0,0
2021-09-01,301.6931022874139,304.00409452255514,300.31845983032144,300.6571350097656,18983800,0.0,0
2021-09-02,301.02570493092804,302.1811705809236,299.01353491502414,299.9797668457031,16285600,0.0,0
2021-09-03,299.82037667932383,301.42413620624217,299.093232833315,299.9698181152344,14747900,0.0,0
2021-09-07,299.84031100260745,299.91998675399805,297.04123285055084,299.0135192871094,17180400,0.0,0
2021-09-08,298.61510471625877,299.4418661019397,296.3140834150958,299.0434265136719,15046800,0.0,0
2021-09-09,299.6510442219756,300.96592210061516,295.8458811484835,296.09490966796875,19927000,0.0,0
2021-09-10,297.2603735802028,298.7545446823641,294.23217830143903,294.5608825683594,19619400,0.0,0
2021-09-13,296.39375900305316,297.37993270226565,292.93724161860285,295.8359375,23652900,0.0,0
2021-09-14,298.3959743377086,300.21888039001544,296.9416560832242,298.6250915527344,21853400,0.0,0
2021-09-15,302.08159289132965,304.1335856494028,300.64718605475537,303.6355285644531,28356300,0.0,0
2021-09-16,302.5796175265063,304.1235821646728,299.5912753372895,304.033935546875,19550800,0.0,0
2021-09-17,302.9880514749522,303.3167557657432,298.366067271768,298.7047424316406,41372500,0.0,0
2021-09-20,295.1784825090818,297.55920983695285,288.3949478135607,293.1563720703125,38278700,0.0,0
2021-09-21,294.54100567870825,296.38382300003184,292.9273055634818,293.6544494628906,22364100,0.0,0
2021-09-22,295.57695197790423,299.053380507935,293.36557742896156,297.41973876953125,26626300,0.0,0
2021-09-23,297.68870256477516,299.730724294402,296.3738246671767,298.39593505859375,18604600,0.0,0
2021-09-24,297.07112462877444,298.63500069224415,295.77615803478585,298.186767578125,14999000,0.0,0
2021-09-27,294.9892626196275,295.3179669176352,291.80168514062115,293.02691650390625,23571700,0.0,0
2021-09-28,288.6738695953321,289.6500724096379,281.65127697103554,282.41827392578125,43186200,0.0,0
2021-09-29,283.9921550030007,285.65564863793685,281.91028004249847,282.89642333984375,26353700,0.0,0
2021-09-30,284.59977479313693,286.7115319978512,280.52567143140186,280.82452392578125,32325800,0.0,0
2021-10-01,281.02370564078467,288.8531782913274,280.1969443115379,287.9765930175781,30086300,0.0,0
2021-10-04,286.28319531359114,286.6318413394147,279.1609853531571,282.0098571777344,31350700,0.0,0
2021-10-05,282.9461897727897,289.27152020488694,282.9461897727897,287.6379089355469,24993000,0.0,0
2021-10-06,284.6695048471591,292.4890071219168,284.4005649662561,291.97100830078125,28002600,0.0,0
2021-10-07,294.0329889859306,295.4873376384722,292.7779057365371,293.70428466796875,20430500,0.0,0
2021-10-08,295.06895628934524,295.4873376384722,292.61852381301225,293.70428466796875,17680300,0.0,0
2021-10-11,291.78179323184054,296.8121579269277,291.6124404374127,293.0867004394531,19298600,0.0,0
2021-10-12,294.1923451031803,294.29196259651917,291.2139735659909,291.7419128417969,17974100,0.0,0
2021-10-13,293.764015662521,296.1248012380529,292.349520251562,295.1585693359375,23416300,0.0,0
2021-10-14,298.04729489560685,302.09151575780794,296.6726525574123,301.57354736328125,27262900,0.0,0
2021-10-15,301.1651643713513,303.26698114634956,299.35222922683,303.02789306640625,25374700,0.0,0
2021-10-18,302.39040115017445,307.0123553248584,301.5138157724774,306.095947265625,22729300,0.0,0
2021-10-19,307.15181643656695,308.0981066772717,306.0262025385035,307.03228759765625,17682100,0.0,0
2021-10-20,308.0084474096366,308.4965640138166,304.92048746885,306.2154541015625,16537100,0.0,0
2021-10-21,305.97641337284654,309.8114287384832,305.16953290065265,309.5524597167969,16918100,0.0,0
2021-10-22,309.193820477582,309.881141660547,306.603917654713,307.9586486816406,17449300,0.0,0
2021-10-25,308.1578792529116,308.1977323332675,305.26915410647274,306.93267822265625,17554500,0.0,0
2021-10-26,309.79149390986765,311.18604760972806,307.40082608167967,308.9049377441406,28107300,0.0,0
2021-10-27,314.7720634375028,324.8328221778034,314.7720634375028,321.9142150878906,52588700,0.0,0
2021-10-28,323.06968838862986,323.6075985405061,320.1112281517975,323.0896301269531,26297900,0.0,0
2021-10-29,322.8704748264502,330.7098880930093,322.6413576350384,330.33135986328125,34744900,0.0,0
2021-11-01,330.0723758733829,330.20187557896605,325.1017759064084,328.0901184082031,27073200,0.0,0
2021-11-02,329.0264610669947,332.15427407631984,328.7176681137163,331.83551025390625,26487100,0.0,0
2021-11-03,332.60253093601347,333.59864515289223,329.3651597311576,332.7021484375,21500100,0.0,0
2021-11-04,331.59646670357336,335.2322774107285,328.22959588359663,335.1326599121094,23992200,0.0,0
2021-11-05,337.1946117078419,337.473522454762,333.12050846936927,334.7541198730469,22564000,0.0,0
2021-11-08,335.9892738962277,336.33791991115623,333.140402160676,335.68048095703125,20897000,0.0,0
2021-11-09,335.80002743362667,337.40378702698956,333.2300662951523,334.6445617675781,21307400,0.0,0
2021-11-10,333.26992677935044,333.32969119792284,328.63800194604045,329.5145568847656,25500900,0.0,0
2021-11-11,329.96280672952867,332.4730034023702,329.22569199839864,331.1382141113281,16849800,0.0,0
2021-11-12,332.6224525794419,335.9195880061859,332.4929528752328,335.41156005859375,23822000,0.0,0
2021-11-15,336.22838817882223,336.56706335148834,332.7320176861049,334.76409912109375,16723000,0.0,0
2021-11-16,334.37560053175633,339.3462309595633,334.2062781446502,338.19073486328125,20886800,0.0,0
2021-11-17,338.24060578667877,341.4838994695976,337.3025430235584,338.42022705078125,19053400,0.62,0
2021-11-18,337.4821756094738,341.7433841744724,336.4243653014645,340.5657958984375,22463500,0.0,0
2021-11-19,341.93300709675043,344.3879225756977,341.4939125617052,342.4020080566406,21963400,0.0,0
2021-11-22,343.908878112736,348.94847580363137,338.84933265512984,339.1287536621094,31031100,0.0,0
2021-11-23,336.3545104170531,338.7495825607045,332.87172151582774,336.98321533203125,30427600,0.0,0
2021-11-24,335.58609661309083,337.46222217074154,333.22099189899507,337.2127380371094,21661300,0.0,0
2021-11-26,333.66010258397336,337.2327021507327,327.44294670883943,328.9997253417969,24217200,0.0,0
2021-11-29,334.24887903812663,338.330435977415,334.0492795411814,335.9353942871094,28563500,0.0,0
2021-11-30,334.62808770920253,337.083003068899,328.31113236006075,329.9078369140625,42885600,0.0,0
2021-12-01,334.43849330119565,338.57992404666027,328.7103470368251,329.3988952636719,33337600,0.0,0
2021-12-02,329.6184152435779,332.80183512919575,327.1235739824106,328.8100891113281,30766000,0.0,0
2021-12-03,331.3049568959727,332.01351379818533,317.3737707056069,322.343505859375,41755900,0.0,0
2021-12-06,323.28156904984655,326.7743470990455,318.571307148171,325.5169372558594,30032600,0.0,0
2021-12-07,330.95568178928187,335.10707090839315,329.4188510226862,334.2289123535156,31021900,0.0,0
2021-12-08,334.6181033674376,334.80771374899933,330.1173997650097,334.27880859375,24761000,0.0,0
2021-12-09,333.71995308754043,335.7956476353045,331.4346699446547,332.41265869140625,22214200,0.0,0
2021-12-10,334.288793112399,342.2922331990509,334.0991827334421,341.83319091796875,38077300,0.0,0
2021-12-13,339.977003512946,343.0806019008748,338.3802990032293,338.69964599609375,28899400,0.0,0
2021-12-14,332.53241070991885,333.9494939781354,323.44119311351625,327.6624755859375,44438700,0.0,0
2021-12-15,327.9319271451471,334.49836694037106,323.8304223919234,333.95947265625,35381100,0.0,0
2021-12-16,335.0172755669461,336.0651272325165,322.35345812609194,324.2295837402344,35034800,0.0,0
2021-12-17,320.2178783271366,324.24955043194984,316.5953638538029,323.1318359375,47750300,0.0,0
2021-12-20,319.3895732070385,322.13389865562283,316.91471011162656,319.2498779296875,28326500,0.0,0
2021-12-21,322.62290843189254,327.05374904938765,319.1400892425506,326.6146545410156,24740600,0.0,0
2021-12-22,327.62256806830214,332.9216088884924,325.07784196309717,332.5124816894531,24831500,0.0,0
2021-12-23,332.06339028598387,335.6958939820043,332.0434425184456,333.9993896484375,19617800,0.0,0
2021-12-27,334.7677806152791,341.7733145633332,334.7378437374928,341.7433776855469,19947000,0.0,0
2021-12-28,342.4419106991573,343.1005524568178,339.617763747979,340.54583740234375,15661500,0.0,0
2021-12-29,340.59573216234315,343.58954181084175,338.979079824891,341.2444152832031,15042000,0.0,0
2021-12-30,341.2044945779749,342.4219784054031,338.1208742468199,338.6198425292969,15994500,0.0,0
2021-12-31,337.8115211422906,338.65974287085385,335.1570061872871,335.62603759765625,18000800,0.0,0
2022-01-03,334.6580331666455,337.3025589729976,329.0995191904404,334.05926513671875,28865100,0.0,0
2022-01-04,334.1390833275493,334.5083454347877,325.4470644603489,328.33111572265625,32674300,0.0,0
2022-01-05,325.1875919232264,325.39718052756325,315.32800431958884,315.7271728515625,40054300,0.0,0
2022-01-06,312.5038256744662,318.0423918198086,310.84724734090804,313.2323303222656,39646100,0.0,0
2022-01-07,313.501756691764,315.84691364227245,309.4501367919947,313.3919982910156,32674000,0.0,0
2022-01-10,308.85138531680894,314.07060464317976,304.06130186939436,313.62152099609375,44289500,0.0,0
2022-01-11,312.73337348985933,315.9566891850527,309.2505845357558,314.330078125,29386800,0.0,0
2022-01-12,319.0103862481932,322.7426591518641,316.42570381678,317.6132507324219,34372200,0.0,0
2022-01-13,319.80873030618324,320.21788794995837,303.3727139599703,304.1710510253906,45366000,0.0,0
2022-01-14,303.62220174381093,310.1786523247551,303.12323345828287,309.5599365234375,39823500,0.0,0
2022-01-18,303.442565438463,309.1607222164048,301.1173562885064,302.0254821777344,42333200,0.0,0
2022-01-19,305.65798506981173,313.2622564752883,302.0753966195368,302.7040710449219,45933900,0.0,0
2022-01-20,308.4322481705025,311.0069109972932,300.5186188599719,300.9776611328125,35380700,0.0,0
2022-01-21,302.06542008637996,303.4824729484244,295.00001217989853,295.4191589355469,57984400,0.0,0
2022-01-24,291.59707496915814,296.4969166779532,275.48037516394237,295.7584533691406,85731500,0.0,0
2022-01-25,290.9184609761206,294.3813021285497,284.5815880537968,287.89471435546875,72848600,0.0,0
2022-01-26,307.3544709666157,307.8634283570237,292.425348575847,296.0977478027344,90428900,0.0,0
2022-01-27,302.0354712587854,306.66588088225836,297.31522054832226,299.2212829589844,53481300,0.0,0
2022-01-28,299.61050257424523,307.84347914483226,293.8424305102485,307.6239318847656,49743700,0.0,0
2022-01-31,308.3125079019924,311.73542294381775,305.7378145601236,310.33831787109375,46444500,0.0,0
2022-02-01,309.76948347891164,309.9890307347923,304.5003797923808,308.1228942871094,40950400,0.0,0
2022-02-02,308.99108793524687,314.4697496557589,308.24263554918326,312.81317138671875,36636000,0.0,0
2022-02-03,308.8513749259389,310.58780524225836,299.3410407668296,300.6283874511719,43730000,0.0,0
2022-02-04,299.5905283263212,308.1627997844312,299.3510332956559,305.3087158203125,35070300,0.0,0
2022-02-07,305.5382398993629,307.204776845025,299.28115838355694,300.3290100097656,28533300,0.0,0
2022-02-08,300.6283815733387,304.9294856086087,299.33107625793525,303.9315490722656,32421200,0.0,0
2022-02-09,309.23057880133416,311.2863255577517,306.7557157689275,310.56781005859375,31284700,0.0,0
2022-02-10,303.4126514032051,308.4821559146683,300.0795468246125,301.7560729980469,45386200,0.0,0
2022-02-11,302.5643903124584,303.6621266275419,293.61289808451613,294.43121337890625,39143900,0.0,0
2022-02-14,293.1638234076169,296.1476745445344,290.7488338952284,294.39129638671875,36359500,0.0,0
2022-02-15,299.3909638029452,300.17931177564907,296.40711271271863,299.8500061035156,27058300,0.0,0
2022-02-16,298.3699951171875,300.8699951171875,293.67999267578125,299.5,29982100,0.62,0
2022-02-17,296.3599853515625,296.79998779296875,290.0,290.7300109863281,32461600,0.0,0
2022-02-18,293.04998779296875,293.8599853515625,286.30999755859375,287.92999267578125,34264000,0.0,0
2022-02-22,285.0,291.5400085449219,284.5,287.7200012207031,41736100,0.0,0
2022-02-23,290.17999267578125,291.70001220703125,280.1000061035156,280.2699890136719,37811200,0.0,0
2022-02-24,272.510009765625,295.1600036621094,271.5199890136719,294.5899963378906,56989700,0.0,0
2022-02-25,295.1400146484375,297.6300048828125,291.6499938964844,297.30999755859375,32546700,0.0,0
2022-02-28,294.30999755859375,299.1400146484375,293.0,298.7900085449219,34585700,0.0,0
2022-03-01,296.3999938964844,299.9700012207031,292.1499938964844,294.95001220703125,31217800,0.0,0
2022-03-02,295.3599853515625,301.4700012207031,293.70001220703125,300.19000244140625,31873000,0.0,0
2022-03-03,302.8900146484375,303.1300048828125,294.04998779296875,295.9200134277344,27314500,0.0,0
2022-03-04,294.2900085449219,295.6600036621094,287.1700134277344,289.8599853515625,32356500,0.0,0
2022-03-07,288.5299987792969,289.69000244140625,278.5299987792969,278.9100036621094,43157200,0.0,0
2022-03-08,277.79998779296875,283.9599914550781,270.0,275.8500061035156,48159500,0.0,0
2022-03-09,283.44000244140625,289.6000061035156,280.7799987792969,288.5,35154700,0.0,0
2022-03-10,283.0199890136719,285.07501220703125,280.5799865722656,284.67999267578125,18340028,0.0,0
